<?xml version="1.0" encoding="UTF-8"?>
<project-private xmlns="http://www.netbeans.org/ns/project-private/1">
    <editor-bookmarks xmlns="http://www.netbeans.org/ns/editor-bookmarks/2" lastBookmarkId="0"/>
    <open-files xmlns="http://www.netbeans.org/ns/projectui-open-files/2">
        <group name="OntwerpenIII_Testen">
            <file>file:/D:/Documents/OntwerpenIII/OntwerpenZichtrekening/test/unitTests/RekeningTest.java</file>
            <file>file:/D:/Documents/OntwerpenIII/OntwerpenZichtrekening/src/domein/Zichtrekening.java</file>
            <file>file:/D:/Documents/OntwerpenIII/OntwerpenZichtrekening/test/unitTests/NewEmptyJUnitTest.java</file>
            <file>file:/D:/Documents/OntwerpenIII/OntwerpenZichtrekening/test/unitTests/ZichrekeningTest.java</file>
            <file>file:/D:/Documents/OntwerpenIII/OntwerpenZichtrekening/src/domein/Rekening.java</file>
        </group>
    </open-files>
</project-private>
