<?xml version="1.0" encoding="UTF-8"?>
<project-private xmlns="http://www.netbeans.org/ns/project-private/1">
    <editor-bookmarks xmlns="http://www.netbeans.org/ns/editor-bookmarks/2" lastBookmarkId="0"/>
    <open-files xmlns="http://www.netbeans.org/ns/projectui-open-files/2">
        <group name="Pazaak2k">
            <file>file:/D:/Documents/BreakoutGame/java-g07/BreakoutGame_2/src/gui/TestScreenController.java</file>
            <file>file:/D:/Documents/BreakoutGame/java-g07/BreakoutGame_2/src/persistence/PersistenceController.java</file>
            <file>file:/D:/Documents/BreakoutGame/java-g07/BreakoutGame_2/src/gui/TesttScreenController.java</file>
            <file>file:/D:/Documents/BreakoutGame/java-g07/BreakoutGame_2/src/domain/Box.java</file>
            <file>file:/D:/Documents/BreakoutGame/java-g07/BreakoutGame_2/src/domain/managers/Manager.java</file>
        </group>
    </open-files>
</project-private>
