<?xml version="1.0" encoding="UTF-8"?>
<project-private xmlns="http://www.netbeans.org/ns/project-private/1">
    <editor-bookmarks xmlns="http://www.netbeans.org/ns/editor-bookmarks/2" lastBookmarkId="0"/>
    <open-files xmlns="http://www.netbeans.org/ns/projectui-open-files/2">
        <group name="OntwerpenIII_DesignPatterns">
            <file>file:/D:/Documents/BreakoutGame/java-g07/BreakoutGame/src/domain/Category.java</file>
            <file>file:/D:/Documents/BreakoutGame/java-g07/BreakoutGame/src/gui/StartScreenController.java</file>
            <file>file:/D:/Documents/BreakoutGame/java-g07/BreakoutGame/src/domain/GroupOperation.java</file>
            <file>file:/D:/Documents/BreakoutGame/java-g07/BreakoutGame/src/domain/OperationCategory.java</file>
            <file>file:/D:/Documents/BreakoutGame/java-g07/BreakoutGame/src/domain/Exercise.java</file>
            <file>file:/D:/Documents/BreakoutGame/java-g07/BreakoutGame/src/gui/SceneFactory.java</file>
            <file>file:/D:/Documents/BreakoutGame/java-g07/BreakoutGame/src/gui/Startup.java</file>
            <file>file:/D:/Documents/BreakoutGame/java-g07/BreakoutGame/src/META-INF/persistence.xml</file>
            <file>file:/D:/Documents/BreakoutGame/java-g07/BreakoutGame/src/gui/SceneController2.java</file>
        </group>
        <group name="Pazaak5">
            <file>file:/D:/Documents/BreakoutGame/java-g07/BreakoutGame/src/persistence/Seeder.java</file>
            <file>file:/D:/Documents/BreakoutGame/java-g07/BreakoutGame/src/persistence/repositories/GroupOperationRepository.java</file>
            <file>file:/D:/Documents/BreakoutGame/java-g07/BreakoutGame/src/domain/managers/ClassroomManager.java</file>
            <file>file:/D:/Documents/BreakoutGame/java-g07/BreakoutGame/src/domain/Exercise.java</file>
            <file>file:/D:/Documents/BreakoutGame/java-g07/BreakoutGame/src/util/PDFGenerator.java</file>
            <file>file:/D:/Documents/BreakoutGame/java-g07/BreakoutGame/src/domain/managers/BoxManager.java</file>
            <file>file:/D:/Documents/BreakoutGame/java-g07/BreakoutGame/src/domain/managers/ExerciseManager.java</file>
            <file>file:/D:/Documents/BreakoutGame/java-g07/BreakoutGame/src/persistence/repositories/GoalRepository.java</file>
            <file>file:/D:/Documents/BreakoutGame/java-g07/BreakoutGame/src/gui/StartScreen.fxml</file>
            <file>file:/D:/Documents/BreakoutGame/java-g07/BreakoutGame/src/gui/MainScreen.fxml</file>
            <file>file:/D:/Documents/BreakoutGame/java-g07/BreakoutGame/src/gui/boxMax.fxml</file>
            <file>file:/D:/Documents/BreakoutGame/java-g07/BreakoutGame/src/domain/Session.java</file>
            <file>file:/D:/Documents/BreakoutGame/java-g07/BreakoutGame/src/META-INF/persistence.xml</file>
            <file>file:/D:/Documents/BreakoutGame/java-g07/BreakoutGame/src/StartUp2.java</file>
            <file>file:/D:/Documents/BreakoutGame/java-g07/BreakoutGame/src/domain/Goal.java</file>
            <file>file:/D:/Documents/BreakoutGame/java-g07/BreakoutGame/src/domain/BoBAction.java</file>
            <file>file:/D:/Documents/BreakoutGame/java-g07/BreakoutGame/src/domain/managers/GoalManager.java</file>
            <file>file:/D:/Documents/BreakoutGame/java-g07/BreakoutGame/src/gui/boxMax2.fxml</file>
            <file>file:/D:/Documents/BreakoutGame/java-g07/BreakoutGame/src/domain/managers/GroupManager.java</file>
        </group>
        <group name="Pazaak2k">
            <file>file:/D:/Documents/BreakoutGame/java-g07/BreakoutGame/src/domain/BoxController.java</file>
            <file>file:/D:/Documents/BreakoutGame/java-g07/BreakoutGame/src/gui/GroupOperationDetailController.java</file>
            <file>file:/D:/Documents/BreakoutGame/java-g07/BreakoutGame/src/gui/BoxExerciseListController.java</file>
            <file>file:/D:/Documents/BreakoutGame/java-g07/BreakoutGame/src/gui/ExercisesGroupOperationsPaneRightController.java</file>
            <file>file:/D:/Documents/BreakoutGame/java-g07/BreakoutGame/src/domain/managers/Manager.java</file>
            <file>file:/D:/Documents/BreakoutGame/java-g07/BreakoutGame/src/domain/managers/ActionManager.java</file>
            <file>file:/D:/Documents/BreakoutGame/java-g07/BreakoutGame/src/gui/BoxAccessActionsController.java</file>
            <file>file:/D:/Documents/BreakoutGame/java-g07/BreakoutGame/src/gui/BoBActionDetailController.java</file>
            <file>file:/D:/Documents/BreakoutGame/java-g07/BreakoutGame/src/domain/BoBAction.java</file>
            <file>file:/D:/Documents/BreakoutGame/java-g07/BreakoutGame/src/domain/managers/GroupOperationManager.java</file>
            <file>file:/D:/Documents/BreakoutGame/java-g07/BreakoutGame/src/gui/GroupOperationDetail.fxml</file>
            <file>file:/D:/Documents/BreakoutGame/java-g07/BreakoutGame/src/util/LangConfig.java</file>
            <file>file:/D:/Documents/BreakoutGame/java-g07/BreakoutGame/src/gui/BoxOverViewController.java</file>
            <file>file:/D:/Documents/BreakoutGame/java-g07/BreakoutGame/src/domain/AccessCode.java</file>
            <file>file:/D:/Documents/BreakoutGame/java-g07/BreakoutGame/src/domain/SessionController.java</file>
            <file>file:/D:/Documents/BreakoutGame/java-g07/BreakoutGame/src/persistence/Seeder.java</file>
            <file>file:/D:/Documents/BreakoutGame/java-g07/BreakoutGame/src/domain/GroupOperation.java</file>
            <file>file:/D:/Documents/BreakoutGame/java-g07/BreakoutGame/src/domain/Exercise.java</file>
            <file>file:/D:/Documents/BreakoutGame/java-g07/BreakoutGame/src/domain/managers/BoxManager.java</file>
            <file>file:/D:/Documents/BreakoutGame/java-g07/BreakoutGame/src/domain/managers/StudentManager.java</file>
            <file>file:/D:/Documents/BreakoutGame/java-g07/BreakoutGame/src/domain/managers/ExerciseManager.java</file>
            <file>file:/D:/Documents/BreakoutGame/java-g07/BreakoutGame/src/persistence/repositories/GoalRepository.java</file>
            <file>file:/D:/Documents/BreakoutGame/java-g07/BreakoutGame/src/gui/GoalDetail.fxml</file>
            <file>file:/D:/Documents/BreakoutGame/java-g07/BreakoutGame/src/gui/MainTemplateController.java</file>
            <file>file:/D:/Documents/BreakoutGame/java-g07/BreakoutGame/src/gui/ExerciseDetailsPaneMidController.java</file>
            <file>file:/D:/Documents/BreakoutGame/java-g07/BreakoutGame/src/gui/MainScreenController.java</file>
            <file>file:/D:/Documents/BreakoutGame/java-g07/BreakoutGame/src/META-INF/persistence.xml</file>
            <file>file:/D:/Documents/BreakoutGame/java-g07/BreakoutGame/src/StartUp2.java</file>
            <file>file:/D:/Documents/BreakoutGame/java-g07/BreakoutGame/src/gui/boxMax2.fxml</file>
            <file>file:/D:/Documents/BreakoutGame/java-g07/BreakoutGame/src/gui/BoxMaxController.java</file>
            <file>file:/D:/Documents/BreakoutGame/java-g07/BreakoutGame/src/domain/Student.java</file>
            <file>file:/D:/Documents/BreakoutGame/java-g07/BreakoutGame/src/domain/OperationCategory.java</file>
            <file>file:/D:/Documents/BreakoutGame/java-g07/BreakoutGame/src/gui/SceneController4.java</file>
            <file>file:/D:/Documents/BreakoutGame/java-g07/BreakoutGame/src/gui/components/CheckboxTest.java</file>
            <file>file:/D:/Documents/BreakoutGame/java-g07/BreakoutGame/src/persistence/PersistenceController.java</file>
            <file>file:/D:/Documents/BreakoutGame/java-g07/BreakoutGame/src/resources/lang/Lang.properties</file>
            <file>file:/D:/Documents/BreakoutGame/java-g07/BreakoutGame/src/domain/ListStudentController.java</file>
            <file>file:/D:/Documents/BreakoutGame/java-g07/BreakoutGame/src/persistence/repositories/ExerciseRepository.java</file>
            <file>file:/D:/Documents/BreakoutGame/java-g07/BreakoutGame/src/gui/ExercisesPaneLeftController.java</file>
            <file>file:/D:/Documents/BreakoutGame/java-g07/BreakoutGame/src/persistence/JPAUtil.java</file>
            <file>file:/D:/Documents/BreakoutGame/java-g07/BreakoutGame/src/gui/MainTemplate.fxml</file>
            <file>file:/D:/Documents/BreakoutGame/java-g07/BreakoutGame/src/gui/BoBActionDetail.fxml</file>
            <file>file:/D:/Documents/BreakoutGame/java-g07/BreakoutGame/src/gui/GroupScreenController.java</file>
            <file>file:/D:/Documents/BreakoutGame/java-g07/BreakoutGame/src/persistence/repositories/ActionRepository.java</file>
            <file>file:/D:/Documents/BreakoutGame/java-g07/BreakoutGame/src/gui/BoxStartScreenController.java</file>
            <file>file:/D:/Documents/BreakoutGame/java-g07/BreakoutGame/src/gui/StartScreenController.java</file>
            <file>file:/D:/Documents/BreakoutGame/java-g07/BreakoutGame/src/gui/NavigationMenuController.java</file>
            <file>file:/D:/Documents/BreakoutGame/java-g07/BreakoutGame/src/domain/managers/IManageable.java</file>
            <file>file:/D:/Documents/BreakoutGame/java-g07/BreakoutGame/src/gui/assets/css/jfoenix-components.css</file>
            <file>file:/D:/Documents/BreakoutGame/java-g07/BreakoutGame/src/domain/Classroom.java</file>
            <file>file:/D:/Documents/BreakoutGame/java-g07/BreakoutGame/src/domain/managers/ClassroomManager.java</file>
            <file>file:/D:/Documents/BreakoutGame/java-g07/BreakoutGame/src/domain/Category.java</file>
            <file>file:/D:/Documents/BreakoutGame/java-g07/BreakoutGame/src/domain/managers/GoalManager.java</file>
            <file>file:/D:/Documents/BreakoutGame/java-g07/BreakoutGame/src/gui/SessionModifyPaneLeftController.java</file>
            <file>file:/D:/Documents/BreakoutGame/java-g07/BreakoutGame/src/domain/managers/GroupManager.java</file>
            <file>file:/D:/Documents/BreakoutGame/java-g07/BreakoutGame/src/domain/managers/SessionManager.java</file>
            <file>file:/D:/Documents/BreakoutGame/java-g07/BreakoutGame/src/domain/managers/CategoryManager.java</file>
            <file>file:/D:/Documents/BreakoutGame/java-g07/BreakoutGame/src/gui/FiltersBoxController.java</file>
            <file>file:/D:/Documents/BreakoutGame/java-g07/BreakoutGame/src/domain/SessionStatus.java</file>
            <file>file:/D:/Documents/BreakoutGame/java-g07/BreakoutGame/src/gui/ExerciseDetailScreenController2.java</file>
            <file>file:/D:/Documents/BreakoutGame/java-g07/BreakoutGame/src/domain/Box.java</file>
            <file>file:/D:/Documents/BreakoutGame/java-g07/BreakoutGame/src/domain/Group.java</file>
            <file>file:/D:/Documents/BreakoutGame/java-g07/BreakoutGame/src/gui/ClassDetail.fxml</file>
            <file>file:/D:/Documents/BreakoutGame/java-g07/BreakoutGame/src/domain/Path.java</file>
            <file>file:/D:/Documents/BreakoutGame/java-g07/BreakoutGame/src/gui/ComplexApplication2/ExerciseController.java</file>
            <file>file:/D:/Documents/BreakoutGame/java-g07/BreakoutGame/src/domain/ExerciseDomainController.java</file>
            <file>file:/D:/Documents/BreakoutGame/java-g07/BreakoutGame/src/gui/boxMax.fxml</file>
            <file>file:/D:/Documents/BreakoutGame/java-g07/BreakoutGame/src/gui/GoalDetailController.java</file>
            <file>file:/D:/Documents/BreakoutGame/java-g07/BreakoutGame/src/domain/Session.java</file>
            <file>file:/D:/Documents/BreakoutGame/java-g07/BreakoutGame/src/domain/ExerciseFilter.java</file>
            <file>file:/D:/Documents/BreakoutGame/java-g07/BreakoutGame/src/domain/Goal.java</file>
            <file>file:/D:/Documents/BreakoutGame/java-g07/BreakoutGame/src/domain/Assignment.java</file>
            <file>file:/D:/Documents/BreakoutGame/java-g07/BreakoutGame/src/gui/SceneFactory.java</file>
            <file>file:/D:/Documents/BreakoutGame/java-g07/BreakoutGame/src/boxscreentest.java</file>
            <file>file:/D:/Documents/BreakoutGame/java-g07/BreakoutGame/src/persistence/repositories/CategoryRepository.java</file>
            <file>file:/D:/Documents/BreakoutGame/java-g07/BreakoutGame/src/gui/ClassDetailController.java</file>
            <file>file:/D:/Documents/BreakoutGame/java-g07/BreakoutGame/src/persistence/repositories/GenericRepository.java</file>
        </group>
    </open-files>
</project-private>
